Sex,Sample_Info,Hatched Date,Sampled Date,Year,Age days,Age class,Treatment,Mother age,Lot
Female,d088_5YR,05/05/2011,25/05/2016,2016,1847,,,,1
Male,E246_2YR,24/03/2013,11/03/2015,2015,717,,,,1
Male,E246_8yr,24/03/2013,08/02/2022,2022,3243,,,,1
Male,E246_D15,24/03/2013,08/04/2013,2013,15,,,,1
Male,E246_D170,24/03/2013,12/09/2013,2013,172,,,,1
Male,E246_D30,24/03/2013,22/04/2013,2013,29,,,,1
Male,E246_D365,24/03/2013,20/03/2014,2014,361,,,,1
Female,E253,08/08/2012,19/06/2018,2018,2141,Old,Normal,,2
Male,E264,15/03/2013,21/06/2018,2018,1924,Old,Constant,,2
Male,E264_2yr,15/03/2013,19/03/2015,2015,734,,,,1
Male,E264_8yr,15/03/2013,08/02/2022,2022,3252,,,,1
Male,E264_d15,15/03/2013,29/03/2013,2013,14,,,,1
Male,E264_d170,15/03/2013,12/09/2013,2013,181,,,,1
Male,E264_d30,15/03/2013,15/04/2013,2013,31,,,,1
Male,E264_d365,15/03/2013,20/03/2014,2014,370,,,,1
Female,E355,12/08/2012,19/06/2018,2018,2137,Old,Constant,,2
Male,E486,13/11/2012,19/06/2018,2018,2044,Old,Normal,,2
Female,E494,17/11/2012,20/06/2018,2018,2041,Old,Normal,,2
Female,E604,12/10/2012,20/06/2018,2018,2077,Old,Normal,,2
Male,E607_8yr,13/10/2012,25/01/2022,2022,3391,,,,1
Male,E607_d20,13/10/2012,02/11/2012,2012,20,,,,1
Male,E607_d40,13/10/2012,22/11/2012,2012,40,,,,1
Male,E607_d90,13/10/2012,11/01/2013,2013,90,,,,1
Female,E612,13/10/2012,19/06/2018,2018,2075,Old,Normal,,2
Female,E614,14/10/2012,18/06/2018,2018,2073,Old,Constant,,2
Female,E623,14/10/2012,19/06/2018,2018,2074,Old,Normal,,2
Female,E650,16/10/2012,20/06/2018,2018,2073,Old,Constant,,2
Male,E740,16/03/2013,21/06/2018,2018,1923,Old,Normal,,2
Male,E752_2yr,13/03/2013,11/03/2015,2015,728,,,,1
Male,E752_8yr,13/03/2013,25/01/2022,2022,3240,,,,1
Male,E752_d1,13/03/2013,17/03/2013,2013,4,,,,1
Male,E752_d15,13/03/2013,26/03/2013,2013,13,,,,1
Male,E752_d170,13/03/2013,10/09/2013,2013,181,,,,1
Male,E752_d30,13/03/2013,10/04/2013,2013,28,,,,1
Male,E752_d365,13/03/2013,20/03/2014,2014,372,,,,1
Male,E904,28/06/2013,19/06/2018,2018,1817,Old,Constant,,2
Male,E915,28/06/2013,18/06/2018,2018,1816,Old,Normal,,2
Male,E925,29/06/2013,20/06/2018,2018,1817,Old,Constant,,2
Female,E926,29/06/2013,19/06/2018,2018,1816,Old,Constant,,2
Female,E929_8yr,28/06/2013,04/02/2022,2022,3143,,,,1
Female,E929_D170,28/06/2013,07/01/2014,2014,193,,,,1
Female,E929_D30,28/06/2013,29/07/2013,2013,31,,,,1
Female,E929_D365,28/06/2013,11/07/2014,2014,378,,,,1
Male,E974,30/06/2013,21/06/2018,2018,1817,Old,Normal,,2
Male,E976,30/06/2013,20/06/2018,2018,1816,Old,Normal,,2
Male,E989,30/06/2013,19/06/2018,2018,1815,Old,Constant,,2
Male,E992,30/06/2013,21/06/2018,2018,1817,Old,Constant,,2
Female,H007,30/06/2013,21/06/2018,2018,1817,Old,Constant,,2
Male,H022,01/07/2013,21/06/2018,2018,1816,Old,Normal,,2
Male,H026,30/06/2013,18/06/2018,2018,1814,Old,Constant,,2
Female,H062,02/07/2013,21/06/2018,2018,1815,Old,Constant,,2
Male,H088,02/07/2013,19/06/2018,2018,1813,Old,Constant,,2
Female,H096,03/07/2013,18/06/2018,2018,1811,Old,Normal,,2
Male,H108,03/07/2013,18/06/2018,2018,1811,Old,Normal,,2
Male,h125_D1,04/07/2013,05/07/2013,2013,1,,,,1
Male,h18_D1,30/06/2013,30/06/2013,2013,0,,,,1
Female,H315,09/04/2014,14/01/2020,2020,2106,Old,Normal,,2
Female,H319,08/04/2014,14/01/2020,2020,2107,Old,Constant,,2
Female,H341,09/04/2014,14/01/2020,2020,2106,Old,Normal,,2
Male,H353,09/04/2014,15/01/2020,2020,2107,Old,Normal,,2
Female,H354,08/04/2014,14/01/2020,2020,2107,Old,Normal,,2
Female,H367,09/04/2014,15/01/2020,2020,2107,Old,Constant,,2
Male,H375,09/04/2014,14/01/2020,2020,2106,Old,Normal,,2
Male,H406,10/04/2014,13/01/2020,2020,2104,Old,Constant,,2
Male,H407,13/04/2014,13/01/2020,2020,2101,Old,Normal,,2
Female,H421,15/04/2014,15/01/2020,2020,2101,Old,Constant,,2
Female,H430,15/04/2014,15/01/2020,2020,2101,Old,Constant,,2
Male,H451_D1,27/02/2015,27/02/2015,2015,0,,,,1
Male,H453_D1,26/02/2015,26/02/2015,2015,0,,,,1
Male,H459,02/03/2015,14/01/2020,2020,1779,Old,Normal,,2
Female,H464,01/03/2015,13/01/2020,2020,1779,Old,Normal,,2
Female,H485,28/02/2015,13/01/2020,2020,1780,Old,Normal,,2
Female,H485_D1,28/02/2015,28/02/2015,2015,0,,,,1
Male,H501,08/10/2017,19/06/2018,2018,254,Young,Constant,,2
Female,H502,09/10/2017,21/06/2018,2018,255,Young,Constant,,2
Male,H504,11/10/2017,21/06/2018,2018,253,Young,Constant,,2
Female,H505,09/10/2017,21/06/2018,2018,255,Young,Normal,,2
Female,H513,11/10/2017,21/06/2018,2018,253,Young,Constant,,2
Male,H615,05/03/2015,14/01/2020,2020,1776,Old,Constant,,2
Female,H618,05/03/2015,15/01/2020,2020,1777,Old,Constant,,2
Male,H621,03/03/2015,15/01/2020,2020,1779,Old,Normal,,2
Male,H629,04/03/2015,14/01/2020,2020,1777,Old,Constant,,2
Male,H637,04/03/2015,13/01/2020,2020,1776,Old,Constant,,2
Male,H639,04/03/2015,14/01/2020,2020,1777,Old,Constant,,2
Female,H692,26/08/2015,13/01/2020,2020,1601,Old,Constant,,2
Male,H782,29/09/2017,18/06/2018,2018,262,Young,Constant,,2
Female,H784,29/09/2017,18/06/2018,2018,262,Young,Normal,,2
Male,H786,29/09/2017,19/06/2018,2018,263,Young,Normal,,2
Female,H787,29/09/2017,20/06/2018,2018,264,Young,Normal,,2
Female,H816,27/08/2015,14/01/2020,2020,1601,Old,Constant,,2
Female,H905,02/10/2017,21/06/2018,2018,262,Young,Normal,,2
Female,H910,01/10/2017,19/06/2018,2018,261,Young,Normal,,2
Male,H914,01/10/2017,19/06/2018,2018,261,Young,Normal,,2
Female,H919,01/10/2017,19/06/2018,2018,261,Young,Normal,,2
Male,H921,02/10/2017,20/06/2018,2018,261,Young,Normal,,2
Female,H924,02/10/2017,21/06/2018,2018,262,Young,Constant,,2
Male,H930,01/10/2017,20/06/2018,2018,262,Young,Constant,,2
Male,H940,03/10/2017,19/06/2018,2018,259,Young,Constant,,2
Female,H941,04/10/2017,21/06/2018,2018,260,Young,Constant,,2
Female,H943,04/10/2017,21/06/2018,2018,260,Young,Constant,,2
Female,H947,04/10/2017,21/06/2018,2018,260,Young,Constant,,2
Female,h95_D1,04/07/2013,04/07/2013,2013,0,,,,1
Female,H953,07/10/2017,21/06/2018,2018,257,Young,Normal,,2
Female,H956,04/10/2017,19/06/2018,2018,258,Young,Constant,,2
Female,H957,07/10/2017,18/06/2018,2018,254,Young,Constant,,2
Male,H958,07/10/2017,18/06/2018,2018,254,Young,Normal,,2
Female,K343,19/05/2019,13/01/2020,2020,239,Young,Normal,,2
Female,K345,19/05/2019,15/01/2020,2020,241,Young,Constant,,2
Male,K346,19/05/2019,16/01/2020,2020,242,Young,Normal,,2
Male,K347,19/05/2019,15/01/2020,2020,241,Young,Constant,,2
Female,K351,21/05/2019,13/01/2020,2020,237,Young,Constant,,2
Female,K353,21/05/2019,14/01/2020,2020,238,Young,Normal,,2
Male,K358,21/05/2019,15/01/2020,2020,239,Young,Normal,,2
Male,K359,20/05/2019,15/01/2020,2020,240,Young,Constant,,2
Male,K364,21/05/2019,14/01/2020,2020,238,Young,Constant,,2
Female,K369,21/05/2019,14/01/2020,2020,238,Young,Normal,,2
Male,K377,21/05/2019,13/01/2020,2020,237,Young,Normal,,2
Male,K382,22/05/2019,15/01/2020,2020,238,Young,Constant,,2
Male,K386,22/05/2019,14/01/2020,2020,237,Young,Normal,,2
Female,K388,22/05/2019,14/01/2020,2020,237,Young,Normal,,2
Female,K390,22/05/2019,15/01/2020,2020,238,Young,Constant,,2
Male,K393,22/05/2019,14/01/2020,2020,237,Young,Constant,,2
Male,K395,22/05/2019,14/01/2020,2020,237,Young,Normal,,2
Female,K407,24/05/2019,13/01/2020,2020,234,Young,Normal,,2
Male,K408,24/05/2019,15/01/2020,2020,236,Young,Constant,,2
Female,K412,24/05/2019,14/01/2020,2020,235,Young,Constant,,2
Male,K413,24/05/2019,14/01/2020,2020,235,Young,Normal,,2
Female,K419,25/05/2019,14/01/2020,2020,234,Young,Normal,,2
Male,K422,15/05/2019,14/01/2020,2020,244,Young,Normal,,2
Male,K426,29/05/2019,15/01/2020,2020,231,Young,Constant,,2
Female,z049_2YR,31/05/2011,29/04/2013,2013,699,,,,1
Female,z049_3YR,31/05/2011,20/05/2014,2014,1085,,,,1
Female,z049_4YR,31/05/2011,18/05/2015,2015,1448,,,,1
Female,z049_5YR,31/05/2011,27/05/2016,2016,1823,,,,1
Female,z049_D170,31/05/2011,03/10/2011,2011,125,,,,1
Female,z049_D365,31/05/2011,25/05/2012,2012,360,,,,1
Female,z175_3YR,21/08/2011,28/08/2014,2014,1103,,,,1
Female,z175_4YR,21/08/2011,20/08/2015,2015,1460,,,,1
Female,z175_5YR,21/08/2011,25/05/2016,2016,1739,,,,1
Female,z237_3YR,27/08/2011,27/08/2014,2014,1096,,,,1
Female,z237_4YR,27/08/2011,19/08/2015,2015,1453,,,,1
Female,z237_5YR,27/08/2011,17/08/2016,2016,1817,,,,1
Male,z312_2YR,22/08/2011,29/08/2013,2013,738,,,,1
Male,z312_3YR,22/08/2011,21/11/2014,2014,1187,,,,1
Male,z312_4YR,22/08/2011,20/08/2015,2015,1459,,,,1
Female,z458_3YR,25/08/2011,27/08/2014,2014,1098,,,,1
Female,z458_4YR,25/08/2011,19/08/2015,2015,1455,,,,1
Female,z458_5YR,25/08/2011,17/08/2016,2016,1819,,,,1
Female,K848,,,,30,,CNTRL,Young,3
Female,K849,,,,30,,CNTRL,Young,3
Female,K850,,,,29,,CNTRL,Young,3
Male,K855,,,,29,,CNTRL,Young,3
Male,K856,,,,29,,CNTRL,Young,3
Male,K858,,,,28,,CNTRL,Young,3
Male,K859,,,,28,,CNTRL,Young,3
Female,K862,,,,29,,CNTRL,Young,3
Male,K863,,,,29,,CNTRL,Young,3
Male,K869,,,,28,,CNTRL,Young,3
Male,K870,,,,28,,CNTRL,Young,3
Female,K876,,,,28,,CNTRL,Young,3
Male,K877,,,,28,,CNTRL,Young,3
Female,K879,,,,30,,CNTRL,Young,3
Female,K888,,,,29,,CNTRL,Young,3
Female,K890,,,,29,,CNTRL,Old,3
Male,K891,,,,29,,CNTRL,Old,3
Male,K892,,,,29,,CNTRL,Old,3
Female,K893,,,,29,,CNTRL,Old,3
Female,K894,,,,29,,CNTRL,Young,3
Male,K895,,,,29,,CNTRL,Young,3
Female,K896,,,,29,,CNTRL,Young,3
Male,K907,,,,28,,CNTRL,Old,3
Male,K908,,,,28,,CNTRL,Old,3
Male,K909,,,,28,,CNTRL,Old,3
Female,K911,,,,28,,CNTRL,Young,3
Male,K919,,,,30,,CNTRL,Old,3
Female,K920,,,,30,,CNTRL,Old,3
Male,K921,,,,30,,CNTRL,Old,3
Female,K922,,,,30,,CNTRL,Young,3
Male,K927,,,,29,,CNTRL,Old,3
Female,K928,,,,29,,CNTRL,Old,3
Female,K929,,,,29,,CNTRL,Old,3
Male,K930,,,,30,,CNTRL,Old,3
Female,K931,,,,30,,CNTRL,Old,3
Male,K932,,,,29,,CNTRL,Young,3
Female,K934,,,,28,,CNTRL,Young,3
Male,K935,,,,30,,CNTRL,Old,3
Male,K956,,,,30,,CNTRL,Old,3
Male,K958,,,,30,,CNTRL,Old,3
Male,K960,,,,30,,CNTRL,Old,3
Male,K969,,,,29,,CNTRL,Young,3
Male,K975,,,,29,,CNTRL,Old,3
Male,K976,,,,28,,CNTRL,Old,3
Female,K977,,,,28,,CNTRL,Old,3
Female,K997,,,,29,,CNTRL,Old,3
Female,M008,,,,29,,CNTRL,Old,3
Male,M011,,,,28,,CNTRL,Young,3
Male,K841,,,,29,,CORT,Young,3
Female,K842,,,,29,,CORT,Young,3
Female,K843,,,,30,,CORT,Young,3
Female,K844,,,,30,,CORT,Young,3
Female,K845,,,,30,,CORT,Young,3
Male,K846,,,,30,,CORT,Young,3
Male,K851,,,,29,,CORT,Young,3
Female,K852,,,,29,,CORT,Young,3
Male,K853,,,,29,,CORT,Young,3
Female,K865,,,,29,,CORT,Old,3
Male,K866,,,,29,,CORT,Old,3
Male,K868,,,,29,,CORT,Young,3
Female,K871,,,,28,,CORT,Young,3
Male,K872,,,,28,,CORT,Young,3
Male,K873,,,,28,,CORT,Young,3
Male,K874,,,,28,,CORT,Old,3
Male,K875,,,,28,,CORT,Old,3
Female,K883,,,,30,,CORT,Young,3
Male,K898,,,,29,,CORT,Young,3
Male,K899,,,,29,,CORT,Old,3
Female,K902,,,,28,,CORT,Young,3
Male,K904,,,,28,,CORT,Young,3
Male,K905,,,,28,,CORT,Young,3
Female,K906,,,,28,,CORT,Young,3
Male,K912,,,,31,,CORT,Old,3
Male,K914,,,,31,,CORT,Old,3
Female,K916,,,,30,,CORT,Old,3
Female,K917,,,,30,,CORT,Old,3
Female,K918,,,,29,,CORT,Old,3
Male,K923,,,,29,,CORT,Old,3
Female,K925,,,,29,,CORT,Old,3
Male,K933,,,,29,,CORT,Old,3
Male,K938,,,,29,,CORT,Young,3
Female,K939,,,,29,,CORT,Young,3
Female,K948,,,,29,,CORT,Old,3
Male,K952,,,,28,,CORT,Old,3
Female,K953,,,,28,,CORT,Old,3
Female,K957,,,,29,,CORT,Old,3
Male,K961,,,,28,,CORT,Old,3
Male,K963,,,,29,,CORT,Old,3
Male,K974,,,,27,,CORT,Young,3
Female,K979,,,,28,,CORT,Old,3
Female,K980,,,,28,,CORT,Old,3
Female,K989,,,,29,,CORT,Old,3
Male,K990,,,,29,,CORT,Old,3
Female,K994,,,,29,,CORT,Young,3
Female,M005,,,,29,,CORT,Young,3
Female,M019,,,,30,,CORT,Old,3
