ring,mat_age,treatment,sex,nest,actual_age,eAge_dbscan_nf,eAge_dbscan_r201,eAge_dbscan_730_1,eAge_dbscan_730_4
K841,Young,CORT,M,K628-K494,29,50.54615222,51.70772212,62.70232936,48.93653002
K842,Young,CORT,F,K628-K494,29,31.98960556,32.80106656,47.6130346,43.84642001
K843,Young,CORT,F,K532-K489,30,27.88201934,25.4829067,29.00392487,29.91923975
K844,Young,CORT,F,K532-K489,30,40.39580195,34.26473747,29.79341282,38.20147895
K845,Young,CORT,F,K514-K535,30,31.76264565,36.97136148,33.65019234,34.15341662
K846,Young,CORT,M,K514-K535,30,68.88141507,63.62607897,57.71364949,62.36182891
K848,Young,CNTRL,F,K569-K503,30,62.96455529,36.23776716,48.11224017,50.10249091
K849,Young,CNTRL,F,K569-K503,30,44.98918094,38.20044353,26.91335418,34.92983328
K850,Young,CNTRL,F,K504-K516,29,46.17663223,46.17591605,26.81027018,32.01451407
K851,Young,CORT,M,K647-K484,29,61.26985538,48.14439402,44.80077161,50.65320959
K852,Young,CORT,F,K647-K484,29,23.03684092,26.21596286,20.61127996,20.48472731
K853,Young,CORT,M,K647-K484,29,32.64213623,19.71378091,33.17609518,34.13829179
K855,Young,CNTRL,M,K601-K507,29,26.23168722,15.42977729,25.31681984,23.03729243
K856,Young,CNTRL,M,K601-K507,29,32.11376001,32.41570578,34.0577584,31.4744012
K858,Young,CNTRL,M,K496-K565,28,35.35809592,45.31198021,22.99027629,25.8813335
K859,Young,CNTRL,M,K496-K565,28,28.24835744,21.92724204,17.54722022,21.61431681
K862,Young,CNTRL,F,K624-K607,29,20.06183659,12.08488474,20.13216044,22.34124298
K863,Young,CNTRL,M,K624-K607,29,17.03849737,21.68539683,13.89688282,12.62197456
K865,Old,CORT,F,H985-K612,29,77.05365358,82.95768628,74.90241664,82.41792785
K866,Old,CORT,M,H985-K612,29,89.29449865,90.33261952,52.90797783,71.82141317
K868,Young,CORT,M,K599-K542,29,22.65324732,20.33392583,16.81633432,20.8220393
K869,Young,CNTRL,M,K631-K538,28,79.80718489,64.54747198,50.82556233,57.45220457
K870,Young,CNTRL,M,K631-K538,28,28.99985616,28.31409187,23.78176095,24.9450251
K871,Young,CORT,F,K509-K571,28,59.04285989,74.32010549,58.57741232,56.37798212
K872,Young,CORT,M,K509-K571,28,26.84339405,31.02065553,30.14533341,33.59927631
K873,Young,CORT,M,K509-K571,28,34.94985737,35.84691472,20.40708197,28.44576223
K874,Old,CORT,M,H598-K608,28,17.81384539,11.55163301,15.91715045,18.3063109
K875,Old,CORT,M,H598-K608,28,21.02043999,20.20995955,19.81852597,24.8163051
K876,Young,CNTRL,F,K562-K611,28,34.44010004,38.30271862,32.26243706,28.16770573
K877,Young,CNTRL,M,K562-K611,28,52.96057562,43.96818583,27.72368046,24.49887387
K879,Young,CNTRL,F,K490-K511,30,38.44565528,33.61660406,32.04261463,28.76776301
K883,Young,CORT,F,K513-K645,30,19.02284832,14.96608583,22.31224873,21.55085643
K888,Young,CNTRL,F,K638-K642,29,8.326115195,7.437520308,13.78551751,15.55144528
K890,Old,CNTRL,F,K337-K641,29,26.25728884,35.12690603,26.71479144,25.05972621
K891,Old,CNTRL,M,K337-K641,29,29.69369762,24.38532874,22.21264435,22.79655759
K892,Old,CNTRL,M,K337-K641,29,38.44517209,31.73527737,30.88610759,37.82221543
K893,Old,CNTRL,F,K337-K641,29,19.74374203,19.87423013,22.39444573,20.28191138
K894,Young,CNTRL,F,K528-K523,29,16.98355882,20.09389981,22.60707145,18.7227648
K895,Young,CNTRL,M,K528-K523,29,17.37483591,11.20783478,21.05347735,17.88450824
K896,Young,CNTRL,F,K528-K523,29,17.83335553,13.46043249,20.07749303,17.31503766
K898,Young,CORT,M,K574-K579,29,12.52352865,10.76063981,24.86700845,18.53464289
K899,Old,CORT,M,K342-K549,29,15.13884705,6.295457267,17.6730927,20.44013074
K902,Young,CORT,F,K631-K625,28,35.21933632,41.22713779,25.35086257,28.14637853
K904,Young,CORT,M,K631-K625,28,37.57499949,43.9111765,35.76508479,30.85360991
K905,Young,CORT,M,K631-K625,28,39.5193627,47.25443226,40.36202453,38.05169133
K906,Young,CORT,F,K631-K625,28,41.60673305,54.1091158,41.08285193,28.18872311
K907,Old,CNTRL,M,K204-K588,28,18.55866565,21.5955284,17.10995764,15.15028766
K908,Old,CNTRL,M,K204-K588,28,33.96518145,30.7351019,24.27009145,20.34713832
K909,Old,CNTRL,M,K204-K588,28,25.39617643,33.76524618,14.58883983,16.4535531
K911,Young,CNTRL,F,K631-K538,28,21.24877676,22.41525108,24.47756207,19.66921214
K912,Old,CORT,M,K044-K578,31,55.10847406,64.83620754,46.57749018,53.84886983
K914,Old,CORT,M,K044-K578,31,53.14962022,44.10511335,53.31093484,54.15140826
K916,Old,CORT,F,K047-K563,30,63.0316593,67.15345668,40.52993855,41.2159316
K917,Old,CORT,F,K047-K563,30,31.4639319,35.0294142,26.16665524,33.54865004
K918,Old,CORT,F,K342-K549,29,23.23290726,18.31199688,27.96327557,25.14422675
K919,Old,CNTRL,M,K094-K595,30,26.72313099,23.33179636,22.72727247,24.94826655
K920,Old,CNTRL,F,K094-K595,30,23.58254585,26.15108536,20.99748824,20.6761253
K921,Old,CNTRL,M,K094-K595,30,18.13288781,11.0337099,26.24992456,24.62241069
K922,Young,CNTRL,F,K490-K511,30,15.06942983,13.19859068,18.6646319,17.02332386
K923,Old,CORT,M,K219-K634,29,59.45157786,50.58088449,37.85008829,43.68488368
K925,Old,CORT,F,K219-K634,29,44.61476429,37.33514145,28.46232895,40.35568205
K927,Old,CNTRL,M,K428-K498,29,50.95268545,58.39242279,35.28368223,42.55444597
K928,Old,CNTRL,F,K581-K643,29,14.34350498,11.54213246,25.42459469,25.93596636
K929,Old,CNTRL,F,K581-K643,29,19.0945559,11.8716198,14.00112176,15.19538618
K930,Old,CNTRL,M,K056-K547,30,19.52774463,23.44367979,28.50914824,27.42893392
K931,Old,CNTRL,F,K056-K547,30,44.91692409,63.12623427,34.13252303,31.65204157
K932,Young,CNTRL,M,K528-K523,29,15.98284991,15.76265552,15.9255327,16.22795329
K933,Old,CORT,M,K342-K549,29,34.61233093,39.02711118,27.37132649,29.18755242
K934,Young,CNTRL,F,K555-K617,28,20.49576079,23.95620541,28.36911177,22.79143642
K935,Old,CNTRL,M,H585-K495,30,40.5593481,33.10890327,27.46220514,30.158169
K938,Young,CORT,M,K537-K516,29,35.57920995,45.43506517,50.04357566,42.41716989
K939,Young,CORT,F,K537-K516,29,63.98575012,60.72574944,81.08934243,76.23627903
K948,Old,CORT,F,K148-K493,29,30.34450469,29.40089689,22.31897513,27.13232651
K952,Old,CORT,M,H1000-K502,28,31.77311957,40.5226773,22.76560992,25.83303096
K953,Old,CORT,F,H1000-K502,28,39.06290741,47.76609729,30.85488205,37.53855935
K956,Old,CNTRL,M,H585-K495,30,39.09568987,47.72646984,67.35878109,52.42880333
K957,Old,CORT,F,K317-K632,29,10.03496939,1.856681554,25.79363143,23.47828678
K958,Old,CNTRL,M,K230-K519,30,39.50323262,39.14000699,42.76694821,38.38628192
K960,Old,CNTRL,M,K094-K595,30,27.30729904,27.26365444,30.39367485,28.64766485
K961,Old,CORT,M,K284-K576,28,50.63724409,52.51378645,46.05831372,43.2977082
K963,Old,CORT,M,K148-K493,29,48.20831191,53.47274912,40.30462915,43.6774169
K969,Young,CNTRL,M,K554-K530,29,25.74231117,33.47318032,36.00899624,27.67542264
K974,Young,CORT,M,K540-K525,27,30.168113,27.85789566,26.74694092,21.22279433
K975,Old,CNTRL,M,K313-K592,29,28.53450844,29.12055925,29.22216301,25.4261001
K976,Old,CNTRL,M,K319-K524,28,35.86242978,34.40974253,26.69322385,29.86724216
K977,Old,CNTRL,F,K319-K524,28,11.97515715,9.484527375,19.3832885,16.51629
K979,Old,CORT,F,H843-K512,28,10.87843537,4.504928399,25.83895684,21.76223922
K980,Old,CORT,F,H843-K512,28,25.39869778,26.50374982,28.69509349,29.21092503
K989,Old,CORT,F,K252-K487,29,27.60250443,22.79384299,17.93223847,19.62304245
K990,Old,CORT,M,K252-K487,29,64.55120324,34.69484489,59.34361575,68.55250146
K994,Young,CORT,F,K531-K583,29,19.93785012,13.09035809,28.93850502,32.73887799
K997,Old,CNTRL,F,K313-K592,29,18.47960982,18.0200187,20.70700803,18.28778186
M005,Young,CORT,F,K515-K561,29,68.92939228,86.16796193,49.69150338,52.96585246
M008,Old,CNTRL,F,K276-K488,29,37.85384855,29.0080464,38.26108299,33.39847722
M011,Young,CNTRL,M,K533-K626,28,38.11270901,46.22386772,31.4025002,30.25654613
M019,Old,CORT,F,K286-K564,30,31.88671368,33.95692336,20.63842396,25.60759458
